{
    "Train": {
        "ROC_AUC": 0.6325507404856496,
        "PR_AUC": 0.014206938422551232,
        "GINI": 0.26510148097129926
    },
    "Validation": {
        "ROC_AUC": 0.6051098263351528,
        "PR_AUC": 0.010473672551363297,
        "GINI": 0.2102196526703055
    },
    "Test": {
        "ROC_AUC": 0.6045081732761606,
        "PR_AUC": 0.010720204705289726,
        "GINI": 0.20901634655232115
    }
}