{
    "Train ROC AUC": 0.6181868031912283,
    "Validation ROC AUC": 0.6007960063572084,
    "Test ROC AUC": 0.5959984830734375,
    "Train PR AUC": 0.011434982121006644,
    "Validation PR AUC": 0.010657328424776147,
    "Test PR AUC": 0.010275130502686528,
    "Train Gini": 0.23637360638245664,
    "Validation Gini": 0.20159201271441685,
    "Test Gini": 0.191996966146875
}